id;age;lines;client_time;income;bill;residence_time;cable_tv;auto_debt;canceled
1;51;3;26;5320;543;7,3;yes;no;0
2;36;2;16;5620;482;4,5;yes;no;0
3;35;1;15;4860;593;4,8;no;no;0
4;44;1;16;5400;646;6,3;yes;yes;1
5;40;1;22;6590;1184;6,2;yes;no;0
6;52;1;30;6370;634;2,2;no;no;0
7;28;2;16;4710;326;4,3;yes;no;1
8;34;3;20;8710;1668;4,1;no;yes;1
9;38;3;16;6120;146;5,6;yes;no;0
10;27;1;18;5600;1273;4,8;no;yes;0
11;45;3;29;10080;717;4,1;yes;no;0
12;35;1;12;4720;446;6,9;no;no;0
13;30;1;21;5840;184;7,2;yes;yes;0
14;28;1;15;5950;617;4,2;yes;no;1
15;44;2;34;13550;1367;4,9;yes;yes;0
16;30;1;23;5750;856;8,1;no;no;0
17;39;2;20;6870;592;6,1;no;yes;0
18;39;2;21;6880;593;2,8;no;no;0
19;45;3;18;7160;285;8;yes;yes;0
20;29;2;14;4980;311;5,9;no;yes;0
21;40;2;25;8800;1280;0,9;no;yes;0
22;31;2;16;5040;517;2,3;yes;no;0
23;33;1;25;6440;861;7,3;yes;yes;0
24;33;1;24;6390;207;4,3;yes;yes;0
25;39;2;29;10800;686;4,6;no;no;0
26;29;2;13;4230;106;4,8;yes;no;0
27;49;1;27;7510;275;6,6;no;yes;0
28;46;3;28;9420;841;5,6;no;yes;0
29;44;1;23;6400;134;6,2;yes;no;0
30;54;1;22;6020;207;6,5;yes;no;0
31;31;1;23;6050;146;4,9;yes;yes;0
32;26;2;13;6060;715;5;yes;no;0
33;54;3;16;5710;121;3,8;no;yes;0
34;35;3;16;6530;338;4,7;yes;yes;1
35;37;1;12;5430;579;5,2;yes;no;1
36;34;3;16;6410;1236;5,2;yes;yes;1
37;47;1;40;18770;2239;5,6;yes;no;0
38;49;2;39;17330;422;4,1;yes;no;0
39;29;2;18;5750;301;4,8;no;no;1
40;44;1;29;9940;688;4,5;yes;yes;0
41;32;1;15;5270;584;5,7;yes;no;0
42;51;1;12;4850;71;4,6;yes;yes;0
43;29;2;14;6150;984;2;yes;no;0
44;34;3;13;6640;229;5,9;no;yes;0
45;45;1;23;6950;773;7;yes;no;0
46;35;2;19;4910;779;5,3;yes;yes;1
47;29;1;12;4330;733;2;yes;no;0
48;36;1;16;6510;1292;0,4;yes;no;1
49;29;3;14;8010;200;1,4;yes;yes;1
50;36;1;15;4990;1210;7;yes;yes;0
51;43;2;16;5650;874;3,6;yes;no;1
52;32;2;15;5410;449;5,8;yes;no;0
53;38;1;31;9880;1033;7,9;yes;yes;0
54;40;1;23;7000;346;4;yes;yes;0
55;38;3;12;4690;40;7,6;no;yes;0
56;44;1;25;5910;354;6,8;no;no;0
57;47;2;12;5440;673;5,2;no;no;0
58;41;1;17;5970;380;6;no;yes;0
59;47;1;24;5720;500;3,2;no;no;0
60;37;1;28;7520;1377;7,2;no;no;0
61;37;2;15;5800;566;5,6;yes;no;0
62;35;1;14;7380;538;4,9;yes;yes;1
63;32;1;25;8070;650;5,4;yes;yes;0
64;36;2;24;8530;1410;2,7;yes;yes;1
65;35;1;23;6280;758;3,4;yes;no;0
66;42;1;16;6740;935;7,5;no;no;0
67;33;1;13;4890;52;4,5;no;no;0
68;46;1;29;10480;723;1,9;yes;yes;0
69;40;1;27;6410;608;3,2;yes;no;0
70;34;3;19;5650;1867;6;yes;no;1
71;43;2;16;5160;555;5,1;yes;no;1
72;28;1;14;4810;1299;3,3;yes;yes;1
73;56;2;22;10250;1215;4,3;yes;no;0
74;35;3;14;15870;1985;5,1;yes;no;0
75;53;1;26;6820;882;4,1;no;no;0
76;28;2;18;6030;663;6,9;yes;no;0
77;37;1;21;6400;1229;0,7;no;yes;0
78;36;2;19;5360;411;5,6;no;yes;0
79;30;1;19;5190;429;3,8;yes;yes;1
80;35;2;20;5020;339;1,9;yes;no;0
81;29;3;16;6330;869;6,8;no;no;0
82;34;1;24;6870;532;3,8;yes;no;0
83;39;1;19;5810;1238;5,4;no;yes;0
84;39;1;25;6120;457;1,9;yes;yes;0
85;44;1;13;5470;793;5,6;yes;yes;0
86;28;1;21;5300;371;2,4;yes;no;0
87;40;1;21;6010;340;5,4;yes;no;0
88;41;2;31;9270;891;2,9;no;no;0
89;51;1;40;11880;1846;4,6;yes;no;0
90;35;1;20;5420;952;4,1;yes;yes;0
91;46;1;18;6400;234;8,5;no;yes;0
92;47;1;14;6400;473;6,5;no;no;0
93;26;1;19;6110;307;7,7;yes;yes;0
94;30;1;20;6240;349;5,6;yes;no;0
95;35;2;15;5680;1015;4,6;yes;no;0
96;27;3;14;5550;873;0,5;yes;no;0
97;27;2;14;5600;565;3,8;yes;yes;0
98;41;1;25;5780;431;4,8;yes;yes;0
99;36;1;29;5810;970;4,6;no;no;0
100;32;1;25;8170;519;3,5;no;no;0
101;27;3;12;5790;178;7;yes;no;0
102;33;1;16;5030;331;2,2;yes;yes;0
103;55;1;31;9970;624;4,2;yes;no;0
104;26;1;13;5030;1092;5,7;no;yes;1
105;41;1;14;5180;610;8,1;yes;yes;0
106;41;2;23;9840;131;3,4;yes;no;0
107;42;1;30;7860;1859;7,1;yes;yes;0
108;32;3;13;5350;676;3,1;no;no;0
109;42;1;26;8660;1710;5,2;yes;yes;1
110;46;1;13;6960;250;5,6;yes;yes;0
111;41;1;12;5210;149;4,4;no;no;1
112;30;3;13;5310;950;3,1;yes;yes;1
113;42;3;19;5160;396;6,8;yes;no;0
114;48;2;37;11020;2851;7,2;yes;yes;1
115;41;2;16;4950;358;5,8;no;no;0
116;40;2;15;5220;205;8,7;yes;no;0
117;27;1;14;5300;906;6,4;yes;yes;0
118;39;1;25;8710;601;7,2;no;no;0
119;38;1;18;5850;1404;5,9;yes;no;1
120;44;2;29;11820;951;5;yes;yes;0
121;44;3;23;10110;614;7,4;yes;yes;0
122;42;1;29;8160;571;5,2;yes;yes;0
123;48;3;18;8090;1308;2,9;yes;no;0
124;32;3;13;10770;1401;2;no;no;1
125;49;2;19;6120;194;8,1;yes;yes;0
126;37;3;14;4770;22;2,6;no;no;1
127;30;1;23;6390;203;4,4;yes;no;0
128;38;1;22;5000;651;4,2;yes;no;0
129;44;2;28;7080;1324;5,8;yes;no;0
130;37;3;12;5990;479;6,7;yes;no;0
131;43;2;18;5600;672;5,4;no;no;0
132;38;2;21;6630;1148;5,9;yes;no;0
133;29;2;15;5150;546;9,7;yes;yes;1
134;40;2;25;7990;339;4,6;no;yes;0
135;43;1;24;11000;834;6,4;yes;yes;0
136;54;1;15;5700;147;4,4;yes;no;0
137;47;1;38;15170;990;8,7;yes;no;0
138;28;1;15;5160;1054;3,8;no;no;0
139;32;1;14;6250;550;6,9;yes;no;1
140;27;1;15;5080;602;4,5;no;no;1
141;42;1;13;5610;1231;5,8;yes;no;1
142;33;1;24;6140;904;4,4;yes;no;0
143;29;1;13;5520;548;7,8;yes;yes;0
144;40;1;31;10890;545;6,8;yes;no;0
145;28;1;17;6140;1374;1,1;no;no;1
146;32;1;13;4610;254;4;yes;yes;1
147;56;1;36;11270;1521;1,6;yes;no;0
148;50;1;37;8140;149;8;yes;no;0
149;61;3;26;19820;1696;2,1;yes;yes;0
150;46;1;26;9620;998;3,5;yes;yes;0
151;44;2;22;8440;177;3,5;yes;no;0
152;41;2;22;6820;590;7,2;no;yes;0
153;41;1;23;7060;461;10,4;yes;yes;0
154;36;3;12;5480;1110;5,7;no;no;1
155;47;1;18;6870;338;7,3;yes;yes;0
156;35;1;23;5520;223;5,9;yes;no;0
157;28;2;17;4910;624;2,5;yes;no;0
158;31;1;21;5520;195;4;no;yes;0
159;38;1;30;13220;1466;5,8;yes;no;0
160;34;2;23;6420;307;1;no;no;0
161;33;2;12;5000;231;4,5;yes;yes;1
162;34;1;23;9560;1229;5,6;yes;yes;1
163;49;3;20;12050;212;1,9;no;yes;0
164;38;1;26;6580;236;6,4;yes;no;0
165;32;2;13;6900;1348;3,7;yes;yes;0
166;46;1;28;10400;582;5,4;no;no;0
167;34;3;18;6590;863;4,4;yes;no;0
168;31;1;15;6660;442;4,5;yes;yes;0
169;46;1;25;6840;190;3,4;no;no;0
170;30;3;15;10080;1042;2,3;yes;no;1
171;48;3;20;12980;2677;2,7;no;no;0
172;44;1;27;7910;182;3;no;no;0
173;35;1;13;5770;219;6,7;yes;yes;0
174;43;1;36;13160;1693;4,9;yes;no;0
175;52;2;25;11870;567;3,3;yes;no;0
176;26;1;19;5140;842;5,2;yes;no;1
177;23;1;16;4950;305;4,8;yes;yes;0
178;35;1;22;5860;225;4,6;no;yes;0
179;27;1;17;5000;287;0,1;no;no;1
180;29;1;21;7190;319;7,4;yes;no;0
181;33;1;19;7000;688;5,6;yes;no;0
182;47;1;26;7060;146;6,4;yes;yes;0
183;50;1;21;5340;1828;2,6;yes;no;0
184;34;1;13;5520;570;7,1;yes;yes;0
185;45;1;22;7060;255;0,7;yes;yes;0
186;33;1;15;5660;339;5,4;yes;yes;0
187;46;3;12;6870;123;5,1;no;no;0
188;27;3;13;4330;664;3,5;no;yes;1
189;48;1;25;10640;3004;8,1;yes;yes;1
190;33;3;20;10900;684;9,5;yes;yes;0
191;44;3;27;15960;1426;5;yes;no;0
192;55;2;30;6500;143;2,5;no;yes;0
193;35;2;17;8320;600;3,7;yes;no;0
194;39;1;20;6130;471;5,7;no;yes;0
195;44;1;14;5220;406;4,6;no;no;0
196;40;1;16;5630;207;5,3;yes;no;1
197;37;2;14;4580;784;5,7;no;yes;0
198;43;1;22;5460;346;7;yes;yes;0
199;35;1;25;6760;1211;4,8;yes;yes;0
200;33;1;25;5790;1579;2,1;yes;no;1
201;33;3;20;7920;1230;4,1;no;no;1
202;31;2;12;5530;504;4,6;yes;yes;1
203;29;1;17;4990;453;4;yes;no;0
204;34;1;19;5080;628;4,4;no;no;0
205;32;1;15;4620;231;6;no;no;0
206;50;2;29;14830;3089;4,1;yes;no;1
207;33;1;23;6770;128;2,1;yes;no;0
208;37;1;25;6460;1055;3,8;yes;no;0
209;34;1;13;4890;716;5,4;yes;no;0
210;43;2;17;8550;897;1,7;yes;no;0
211;28;1;19;5250;790;5,5;no;no;0
212;50;2;26;9110;2376;8,4;no;no;0
213;35;3;14;6510;48;6,3;yes;no;0
214;27;1;13;4790;1333;3,6;yes;no;1
215;38;2;25;10020;357;2,8;yes;no;0
216;37;3;12;7500;60;7,7;yes;yes;0
217;46;2;30;14530;297;5,4;no;no;0
218;28;1;12;4480;592;7;yes;yes;1
219;36;2;27;9190;1189;4,9;no;no;0
220;25;1;13;5500;1230;1,8;no;no;1
221;36;1;13;4750;823;2;no;yes;1
222;37;1;30;9610;1191;6;yes;no;0
223;33;1;16;7120;1226;10;no;no;1
224;39;2;20;6740;787;5,1;yes;no;0
225;35;1;19;5130;546;1,5;yes;no;0
226;39;1;24;8020;603;9,5;yes;no;0
227;42;1;29;7090;414;4,2;yes;no;0
228;35;1;23;6770;176;3,9;yes;yes;0
229;37;3;18;5720;427;5,9;yes;no;0
230;45;1;17;5290;141;4,8;yes;no;0
231;50;1;31;10860;932;5,9;yes;no;0
232;51;1;36;10490;1728;5;yes;yes;0
233;38;2;25;6970;339;8,2;yes;no;0
234;36;2;24;9610;811;3,7;yes;no;0
235;34;1;21;5540;143;5,6;no;no;0
236;37;1;18;5400;627;7,1;yes;no;0
237;28;2;12;5620;680;2,3;yes;no;0
238;24;3;12;5630;857;7,1;no;no;1
239;52;2;33;19780;1360;8,2;no;yes;0
240;34;3;19;5960;152;4,7;yes;yes;0
241;25;2;14;5340;553;3,7;yes;no;1
242;35;1;17;5000;756;8,6;no;no;1
243;45;2;31;11350;1162;0,7;yes;no;1
244;32;1;17;4920;1153;6,4;yes;yes;1
245;42;3;22;6270;717;4,5;yes;yes;0
246;29;1;13;5230;372;7,6;no;yes;0
247;29;1;18;5220;444;5,3;yes;no;0
248;42;1;13;5390;396;3;yes;yes;0
249;38;3;16;6750;928;6,7;no;yes;1
250;48;1;23;7380;257;4,8;no;yes;0
251;44;1;36;10730;865;4,7;no;no;0
252;28;1;15;4990;664;5,6;yes;no;0
253;49;1;18;8090;299;6,7;yes;yes;0
254;24;1;12;4210;1137;6,3;yes;no;1
255;26;2;14;8670;633;2,7;yes;no;1
256;36;3;24;9970;1193;4,7;yes;yes;0
257;40;3;15;7970;266;3,2;yes;yes;0
258;29;1;18;5190;46;2,8;yes;no;0
259;29;1;22;4830;472;2,5;no;no;0
260;41;1;17;5590;64;4,1;no;no;0
261;33;1;26;5980;619;2,6;yes;no;0
262;40;3;15;8120;885;1,3;no;no;1
263;37;3;14;6350;814;4,8;no;no;1
264;45;2;20;6850;407;7,4;yes;no;0
265;43;1;27;7270;585;10;yes;no;1
266;33;1;17;5770;191;2,4;no;no;0
267;39;2;26;8790;234;4;yes;yes;0
268;44;1;17;5120;135;4,5;no;yes;0
269;42;2;33;16270;1309;3,5;yes;no;0
270;31;1;23;5830;425;5,3;yes;yes;0
271;39;2;14;6300;1033;9,3;no;yes;1
272;48;1;14;5510;741;4,6;yes;yes;1
273;47;3;13;6820;488;4,3;no;yes;0
274;36;3;19;16860;305;9,7;yes;no;0
275;44;1;32;9230;263;4,9;yes;yes;0
276;56;1;49;19390;4000;6,2;yes;yes;0
277;30;1;12;5240;846;4,3;yes;no;1
278;27;3;15;5160;107;2,4;yes;no;1
279;31;2;19;6000;683;1,1;yes;no;0
280;54;1;38;15870;1080;2;yes;no;0
281;37;2;26;5910;1657;6,8;yes;no;0
282;30;2;12;5260;434;2,1;yes;yes;0
283;30;3;18;5860;246;5,3;no;yes;0
284;35;3;16;7230;270;7,7;yes;no;0
285;32;1;19;5110;796;5;no;yes;0
286;38;2;18;5060;968;9,2;no;yes;1
287;38;2;28;8360;63;5,2;no;no;0
288;29;2;12;4560;613;1,3;yes;yes;1
289;45;1;12;5080;881;4,5;no;no;1
290;31;1;19;5300;335;5,4;yes;yes;0
291;47;2;29;13380;1217;7,9;yes;no;0
292;42;1;22;13150;76;4,4;no;no;0
293;56;1;38;14030;1830;6,7;yes;no;0
294;26;1;18;5270;915;3,8;yes;yes;1
295;36;1;24;6700;371;5,3;yes;no;0
296;39;3;17;6920;1409;1,8;yes;no;1
297;44;2;14;5270;505;8,6;no;no;1
298;25;2;12;4700;275;8,9;no;yes;0
299;27;1;17;5690;708;5,2;yes;no;0
300;32;3;16;4550;219;8,5;yes;yes;0
301;34;2;13;4560;139;3,5;yes;yes;0
302;43;2;29;10430;456;4,3;no;yes;0
303;39;1;18;6200;282;3,5;yes;yes;0
304;33;2;23;7530;167;3,2;no;no;0
305;30;2;21;6380;1090;2,2;yes;yes;0
306;25;1;17;5110;453;6,8;yes;no;1
307;29;1;18;5480;550;6,6;yes;yes;0
308;40;3;12;8740;247;3,5;yes;no;1
309;33;1;24;7530;1432;6,3;yes;yes;0
310;41;1;20;5520;139;4,8;yes;no;0
311;40;2;19;7920;195;4,2;no;no;0
312;34;1;15;4620;538;2,8;no;no;0
313;43;2;12;5610;335;4,1;no;no;0
314;53;3;37;30000;3514;5,6;yes;no;0
315;38;1;15;4890;254;1,5;no;yes;0
316;32;3;20;9390;789;4,9;yes;no;0
317;35;1;25;8410;425;3,8;yes;yes;0
318;31;1;21;5400;154;7,4;yes;no;0
319;37;1;18;5500;917;5,8;yes;no;0
320;29;1;15;6280;701;4,7;no;no;1
321;49;3;20;7280;273;5;yes;no;0
322;54;1;19;6570;419;4;yes;no;1
323;41;1;34;8480;887;3,9;no;no;0
324;48;3;22;7580;1281;4,2;no;no;0
325;48;2;28;10050;434;8,2;no;no;0
326;45;3;19;7610;1415;6;yes;no;1
327;42;1;32;7620;549;3,1;yes;no;0
328;49;2;33;9320;1124;3,6;yes;no;0
329;34;1;12;7540;929;4,7;no;no;0
330;36;3;17;9600;194;5,3;yes;no;0
331;32;2;18;6450;265;7,2;no;no;0
332;41;2;14;7680;1116;7,4;yes;no;0
333;48;1;23;8730;599;5,2;no;no;0
334;49;3;15;9530;1383;6,4;yes;yes;0
335;58;1;31;14760;277;7,7;yes;yes;0
336;46;1;32;8720;546;6,6;yes;no;0
337;36;1;26;7200;1155;6,5;no;no;0
338;49;1;15;6410;202;4,7;no;no;0
339;46;1;18;5300;159;2,2;no;no;0
340;31;1;16;7530;2034;8,8;yes;no;1
341;39;1;31;6980;344;5,9;yes;no;0
342;32;2;15;5610;345;5,7;yes;yes;0
343;53;1;21;6690;361;3,3;yes;no;0
344;45;2;26;16200;1187;8;yes;no;0
345;40;1;18;5310;189;8,3;yes;no;0
346;42;3;17;10510;500;2,9;no;yes;0
347;35;1;27;6920;438;3,3;no;no;0
348;46;2;28;15720;830;6,4;no;no;0
349;50;3;14;9400;1409;3,2;yes;no;0
350;36;2;12;4890;60;2,4;yes;no;0
351;43;1;13;6450;767;2,9;no;no;0
352;44;1;15;6510;455;0,3;no;no;0
353;41;1;16;5360;48;6,5;yes;no;0
354;45;3;18;8540;648;7;yes;no;0
355;46;1;29;7060;1751;9,8;yes;yes;0
356;48;2;34;17270;1970;3,2;yes;no;0
357;36;2;23;6000;330;7,3;no;yes;0
358;39;1;30;10160;1189;8;yes;no;0
359;44;3;13;4740;679;5,7;no;yes;1
360;37;3;16;5610;766;3;no;no;0
361;49;3;16;6850;365;5,5;yes;yes;0
362;34;1;26;8030;517;6,4;yes;yes;0
363;35;1;21;6080;190;3,5;yes;yes;0
364;26;1;19;5100;175;2,7;yes;no;0
365;27;1;12;4950;357;1,8;yes;no;0
366;33;1;16;4900;512;4,9;yes;no;0
367;47;2;22;7770;633;2,5;no;yes;0
368;37;3;25;11330;873;6,7;no;yes;0
369;34;1;21;6000;1483;6,5;yes;no;1
370;42;1;34;9280;527;4,1;no;yes;0
371;51;2;41;14690;1489;9,1;yes;yes;0
372;29;2;17;7280;1576;2,9;no;yes;1
373;48;2;26;12350;1872;2,9;yes;yes;1
374;37;1;29;7090;486;4,8;yes;yes;0
375;43;3;27;17980;4000;5,5;no;yes;1
376;29;1;12;4750;659;4,3;yes;yes;0
377;47;1;19;7140;481;4,4;yes;no;0
378;31;1;23;7910;1063;4,4;no;no;1
379;42;3;15;8870;339;7,4;yes;yes;0
380;46;1;14;4820;560;6,6;no;no;0
381;32;1;25;7670;1058;6,9;yes;no;0
382;55;1;42;19400;4000;5,5;yes;yes;1
383;41;1;29;11550;522;12,9;yes;no;0
384;54;1;18;6610;184;4,7;yes;yes;0
385;50;3;37;19190;2479;7,7;yes;no;0
386;33;2;13;4820;595;2,3;yes;no;1
387;42;2;31;11700;503;5,2;yes;yes;0
388;32;1;25;6060;658;4;yes;no;0
389;39;1;19;5320;887;6,5;no;no;0
390;40;2;25;9980;140;5,9;yes;no;0
391;49;3;21;7710;803;4,8;no;no;0
392;46;2;31;10470;862;5,3;yes;no;0
393;45;2;31;12100;785;7,4;yes;no;0
394;51;2;26;9250;1003;4,7;no;yes;0
395;43;1;30;15480;4000;6,1;yes;yes;1
396;41;1;30;10790;392;1,7;yes;yes;0
397;32;1;18;6500;1145;6,9;yes;yes;1
398;50;3;28;20260;2925;3,6;no;yes;1
399;34;2;21;9000;1229;6,1;no;no;1
400;41;3;12;7300;1132;6;no;yes;0
401;38;3;18;6130;238;4,4;yes;yes;1
402;38;2;25;12560;2959;9,1;yes;yes;1
403;52;1;17;7720;511;4,2;no;no;0
404;52;2;28;10970;1859;6,9;yes;no;0
405;30;2;17;7390;855;4,2;yes;no;1
406;34;3;13;4630;512;3,2;no;yes;1
407;36;1;20;6720;542;1,7;yes;yes;0
408;55;2;12;5230;1231;6,6;yes;no;1
409;46;1;19;6020;263;4,7;yes;yes;0
410;31;1;21;5330;505;9,7;yes;yes;0
411;35;2;19;4790;471;6,6;yes;no;0
412;42;1;12;5090;286;4,4;no;yes;1
413;36;3;12;6230;1307;7;yes;no;0
414;29;1;15;5080;65;4,5;yes;yes;0
415;37;3;19;8360;1441;3,4;no;yes;1
416;39;3;16;10830;2813;3,4;yes;no;1
417;26;2;16;6660;327;3,3;no;no;1
418;60;1;19;5560;881;3,5;yes;no;0
419;39;1;30;7100;172;5,1;no;yes;0
420;45;3;24;9970;503;2,8;yes;yes;0
421;46;2;32;7370;348;5,2;no;no;0
422;44;1;27;7150;917;8,5;yes;no;0
423;38;3;19;12570;2911;3,6;yes;no;1
424;29;1;17;5410;762;4,9;yes;yes;1
425;39;1;31;6890;1208;5,9;yes;yes;0
426;39;1;25;7200;194;3,2;no;no;0
427;43;2;14;7130;41;2,5;yes;yes;0
428;26;1;19;5180;424;7,3;yes;no;0
429;43;1;21;7240;1043;5,2;yes;no;0
430;27;1;15;4980;401;6,4;yes;yes;1
431;29;2;19;6840;650;6,7;yes;no;0
432;31;2;14;7130;1050;5,3;yes;no;1
433;39;1;16;5730;454;7,8;yes;no;0
434;34;1;16;5250;359;8;yes;no;0
435;39;1;19;6830;473;4,4;yes;no;0
436;38;2;21;6600;99;4,9;yes;no;0
437;32;2;16;5220;517;4,5;no;no;0
438;30;1;20;5620;248;6,9;yes;yes;0
439;36;1;24;8560;1098;4,8;yes;yes;0
440;32;2;21;7010;573;6,6;no;yes;0
441;50;1;22;7830;1425;4,7;no;yes;0
442;44;2;16;5910;1034;7,8;yes;no;0
443;32;3;15;10260;1224;4,2;yes;yes;0
444;43;1;14;5640;761;4,6;no;yes;1
445;44;1;23;5510;371;3,9;yes;yes;0
446;37;1;15;6320;702;5,7;no;no;1
447;42;2;29;7050;693;7,5;yes;yes;0
448;37;1;12;5280;467;4,1;yes;no;1
449;26;2;16;5640;832;5,5;no;no;1
450;39;1;20;5760;310;9,4;yes;yes;0
451;35;3;16;6960;889;3,9;no;no;1
452;32;1;23;7400;949;6,7;yes;yes;0
453;51;2;13;4740;637;5,6;yes;no;1
454;47;1;17;5100;387;8,2;yes;yes;0
455;32;1;13;5840;270;4;yes;no;0
456;26;1;17;5370;1114;5,3;yes;yes;1
457;39;2;22;5760;379;6,2;yes;no;0
458;37;1;17;5230;287;7,1;yes;yes;0
459;41;1;31;6630;416;10,6;yes;no;0
460;54;2;44;26300;2169;2,6;no;no;0
461;27;1;12;4290;361;2,6;no;no;0
462;25;1;15;4570;325;7,4;yes;yes;0
463;29;1;16;5440;294;5,9;yes;yes;0
464;31;1;19;4870;506;5,4;no;yes;1
465;56;1;43;20540;3331;5,7;yes;yes;0
466;49;1;42;18290;667;6,6;yes;yes;0
467;38;3;12;8000;556;4,4;yes;yes;0
468;48;1;35;10140;431;5,9;no;no;0
469;38;1;28;6840;634;10,4;no;no;0
470;56;1;29;7500;762;6;yes;yes;0
471;44;2;33;11120;423;5,7;no;yes;0
472;31;3;18;5320;528;5,7;yes;no;1
473;37;2;19;7260;1987;3,5;no;yes;0
474;36;2;20;7600;1245;3,9;yes;yes;0
475;46;1;27;6690;699;6,4;yes;yes;0
476;33;1;21;6530;697;3,8;yes;no;1
477;30;1;17;4910;260;8,5;yes;no;0
478;53;1;28;6110;706;6,3;yes;yes;0
479;56;1;49;24770;827;5,6;no;no;0
480;33;3;13;6190;995;5,7;yes;no;1
481;49;2;30;11200;738;3,2;no;yes;0
482;36;1;28;8410;735;1,5;yes;no;0
483;48;1;14;4870;646;6,1;no;yes;0
484;34;3;17;5840;1090;6,9;yes;no;0
485;25;1;14;4740;1168;1,9;yes;no;1
486;42;1;34;9420;1450;8,9;yes;yes;0
487;51;3;17;6870;998;5,7;no;yes;0
488;29;1;20;5900;914;6,3;yes;no;0
489;48;2;15;8470;111;3;yes;no;0
490;49;1;39;11300;1012;4,2;yes;no;0
491;40;2;12;6730;1424;5,3;yes;no;1
492;29;2;18;5400;1344;7;yes;no;0
493;33;3;18;6150;404;7,3;no;yes;0
494;37;1;13;5410;416;2,3;yes;yes;0
495;30;1;17;5060;177;4,7;yes;yes;0
496;47;1;39;12500;1062;8,6;no;no;0
497;33;2;12;5000;101;4,9;no;no;0
498;46;1;17;5460;255;0,3;no;yes;0
499;25;3;12;5640;605;7,9;yes;no;1
500;39;1;25;7080;1603;5,6;yes;no;0
501;34;1;20;6190;201;6,6;no;no;0
502;28;1;16;5000;1093;3,1;yes;no;0
503;43;3;21;23050;779;4,1;yes;no;0
504;33;2;14;4970;1148;4,8;yes;no;0
505;45;3;15;5640;112;6,6;yes;yes;0
506;41;2;25;7530;560;1,8;yes;no;1
507;30;1;12;5720;416;7,4;yes;yes;1
508;30;3;17;7060;744;3,7;no;no;0
509;24;1;14;4530;538;4,7;yes;no;0
510;51;3;22;9330;3554;4,4;no;yes;1
511;41;2;19;7150;974;0,1;yes;yes;0
512;31;2;19;5050;266;6,1;no;no;0
513;32;1;23;8100;2539;6,9;yes;yes;0
514;32;2;19;7940;1113;3;yes;no;0
515;41;1;32;9740;362;3,5;no;no;0
516;27;2;15;6180;944;11;no;no;1
517;29;1;19;5910;295;5,4;yes;yes;1
518;35;2;20;4990;971;3,3;yes;yes;1
519;35;3;20;5390;68;3,6;yes;no;0
520;24;1;13;4500;616;2,7;yes;yes;0
521;35;1;13;5090;211;4,1;yes;yes;1
522;31;1;21;6110;835;1;yes;yes;0
523;36;1;29;5820;290;5,5;yes;yes;0
524;49;3;19;30000;3193;5,7;yes;yes;0
525;51;2;16;6210;316;4,7;yes;no;0
526;53;1;36;12620;170;6,6;yes;no;0
527;34;1;16;5440;375;8,3;yes;yes;0
528;35;2;21;8000;1745;5,6;no;yes;0
529;36;1;17;4940;507;5,2;no;no;0
530;44;2;16;6790;266;3,6;yes;no;0
531;40;2;22;10310;582;7,3;yes;no;0
532;41;2;20;6630;90;4,4;no;no;0
533;34;1;12;5360;804;6,5;yes;no;1
534;45;2;34;13600;1126;4,3;yes;no;0
535;39;2;22;6640;357;5,6;yes;no;0
536;43;2;32;13750;1271;3;yes;yes;0
537;40;3;13;5560;205;8,5;no;yes;0
538;51;2;12;5520;441;5,5;yes;no;1
539;32;1;19;5690;1032;6,3;no;no;1
540;32;1;21;7030;473;10,4;yes;no;0
541;31;1;21;5170;432;1;no;no;0
542;47;2;26;7720;1762;3,9;yes;no;0
543;43;1;32;8300;756;1,7;yes;no;0
544;27;1;13;4650;677;5,9;no;no;0
545;53;2;23;6520;695;4,7;yes;yes;0
546;43;2;19;5460;915;5;yes;yes;1
547;35;1;15;5580;126;5,8;yes;no;0
548;45;1;34;14090;1084;6,3;yes;no;1
549;37;3;14;4770;324;0,8;no;yes;0
550;37;2;12;5730;781;3,8;yes;yes;1
551;39;2;27;6320;606;7,7;no;no;0
552;27;1;14;4560;149;2,8;yes;yes;0
553;35;1;15;4690;676;7,7;no;no;0
554;48;1;29;8960;620;1,1;no;no;0
555;44;3;16;11410;1897;5,7;yes;yes;1
556;38;2;14;5600;644;4,7;yes;no;0
557;28;3;14;4960;128;6,6;yes;no;0
558;33;2;16;6790;1185;7,8;no;no;0
559;47;3;33;24120;1965;4,1;yes;no;0
560;41;1;29;9840;3023;5,2;no;yes;1
561;41;2;27;12330;833;6,7;no;yes;0
562;44;1;33;8720;544;3,1;yes;yes;0
563;49;1;21;6370;160;3,3;no;yes;0
564;47;3;13;6960;683;6,1;no;yes;1
565;52;1;32;10640;1170;6,3;yes;yes;0
566;47;2;29;8580;1077;5,6;no;no;1
567;57;3;38;30000;1251;7,9;yes;no;0
568;60;1;22;8540;98;7,3;yes;yes;0
569;38;1;13;5040;483;5,8;yes;no;1
570;42;2;27;7780;82;4,8;no;no;0
571;38;2;20;5720;218;3,1;yes;no;0
572;35;1;14;5970;1327;3;yes;yes;1
573;25;1;18;4960;472;3,6;yes;yes;0
574;47;3;18;6820;34;6,1;yes;no;0
575;48;1;29;8800;1138;1,4;no;no;0
576;52;1;17;6090;401;7,6;no;no;1
577;36;1;28;10520;348;6,9;no;yes;0
578;40;2;29;7160;826;1,1;yes;yes;0
579;33;1;20;5730;275;6,3;yes;no;0
580;49;2;34;12420;974;6,2;yes;no;0
581;38;3;21;6420;446;6,7;no;no;0
582;41;2;24;8910;454;6,6;yes;no;0
583;31;1;13;5810;365;8;yes;no;0
584;54;2;17;5770;740;5,3;no;no;0
585;53;1;38;22120;703;0,6;yes;no;0
586;48;1;20;6500;1047;0,7;no;no;0
587;32;1;13;5290;53;7,1;no;no;0
588;29;1;18;5260;1457;7,4;no;yes;1
589;34;1;17;5250;656;5,4;yes;yes;0
590;42;1;28;6570;774;3,9;no;no;0
591;29;1;21;6110;430;2,9;no;no;0
592;38;1;28;10800;1652;2,8;yes;no;0
593;58;1;12;5290;203;5,4;yes;no;0
594;34;3;17;8050;378;1,4;yes;yes;0
595;42;3;28;7200;1161;6,1;yes;yes;1
596;42;1;19;9170;268;7,1;no;yes;0
597;29;2;19;5710;271;6,1;yes;no;0
598;52;1;41;23200;3192;8,5;yes;no;0
599;38;1;23;5750;391;1,4;no;no;0
600;30;1;15;4400;285;4,4;yes;no;0
601;48;1;30;8910;522;4,8;no;yes;0
602;41;3;20;8430;1330;2;yes;yes;0
603;32;2;20;8190;742;6,3;yes;no;0
604;30;1;21;6000;822;5,6;no;no;0
605;31;2;13;5400;289;4,6;yes;no;0
606;27;1;14;4840;467;4,8;yes;no;0
607;35;1;22;6090;950;4,5;yes;no;0
608;42;1;20;5290;201;5,8;yes;no;0
609;39;1;27;5770;793;4;yes;yes;0
610;44;3;16;11610;680;3,3;no;no;0
611;42;1;18;6440;186;7,9;yes;no;0
612;25;1;16;5270;417;3,7;yes;no;0
613;45;1;28;8880;927;8,8;yes;yes;0
614;40;3;16;9980;1841;3,3;yes;no;1
615;42;1;15;5010;176;7,8;no;yes;0
616;37;1;24;5430;532;5,3;yes;yes;0
617;40;1;29;7580;624;4,3;yes;yes;0
618;35;1;13;5300;267;5,1;yes;no;0
619;35;1;16;4970;1184;3,7;no;yes;1
620;28;1;18;5800;375;3,5;yes;yes;0
621;27;1;18;5150;162;7,6;yes;no;0
622;35;1;14;5940;298;1,8;no;no;0
623;25;1;12;4750;319;8,6;no;yes;0
624;38;1;14;4900;1044;3,3;no;no;1
625;37;2;16;5390;473;5,1;yes;no;1
626;42;2;16;6340;135;7,5;yes;no;0
627;42;1;17;5210;910;5,6;no;no;0
628;55;1;15;7780;459;4,8;yes;yes;0
629;25;1;17;4840;226;6,1;yes;no;0
630;54;1;42;8560;540;5,5;no;yes;0
631;27;2;18;4820;871;4,7;yes;no;1
632;31;2;14;5530;194;4;yes;yes;0
633;39;1;23;6350;556;8,3;no;yes;0
634;52;1;25;7790;795;4,3;yes;yes;0
635;46;1;14;5600;1115;5,4;no;yes;1
636;43;1;14;6160;1333;4,6;yes;no;0
637;39;3;23;9490;1594;3;no;no;1
638;26;1;14;4840;72;5,4;yes;yes;0
639;31;1;22;6030;757;5,1;yes;yes;1
640;34;1;14;5220;934;3,7;yes;yes;0
641;38;2;18;6340;538;2,5;yes;no;0
642;47;2;35;14260;1980;3,3;yes;no;1
643;30;1;16;4260;874;3,6;yes;yes;0
644;34;1;18;5660;138;6,8;no;no;0
645;40;2;27;6840;247;4,8;yes;yes;0
646;30;3;17;7620;536;6,5;yes;yes;1
647;36;2;20;6430;365;5,5;yes;yes;1
648;32;1;24;5750;1032;5,8;no;no;0
649;34;2;16;4850;456;3,8;yes;no;0
650;51;2;33;12230;2158;4,2;yes;yes;0
651;55;2;27;7880;2085;7,1;yes;no;0
652;27;1;19;5700;899;3,1;no;no;0
653;32;3;20;6470;874;1,3;yes;yes;0
654;48;2;15;5550;632;4,9;yes;no;0
655;39;1;12;4910;80;4,5;yes;no;0
656;43;3;15;7760;1775;6,1;yes;yes;1
657;23;1;13;5230;769;4,2;yes;yes;1
658;50;2;29;11570;1042;2,3;no;yes;0
659;37;1;15;5070;406;4,7;yes;no;0
660;52;3;28;9430;271;5,6;no;yes;0
661;50;1;14;5530;106;5,9;no;no;1
662;42;3;26;10170;394;2,4;no;no;0
663;41;1;22;6960;1256;6,3;no;no;0
664;46;2;13;8420;496;4,1;no;yes;0
665;25;2;12;5750;918;7,1;yes;no;1
666;38;1;22;6260;853;4,7;yes;no;0
667;28;3;13;6980;620;3,1;yes;yes;0
668;26;1;13;4910;747;6,4;yes;yes;0
669;36;1;28;5780;220;2,4;yes;no;0
670;36;2;13;5970;2278;2,5;no;no;1
671;42;2;28;10730;1615;4,1;no;no;0
672;41;2;13;5420;726;9,5;yes;no;1
673;44;1;32;9820;748;5,2;no;yes;0
674;44;2;25;10190;204;4,9;no;no;0
675;50;1;15;5450;391;2,7;yes;no;0
676;49;1;38;11270;990;5,8;yes;no;0
677;40;1;17;6310;318;1,5;no;no;0
678;30;3;16;5800;484;7,8;yes;no;0
679;31;2;19;6400;243;1,8;no;no;0
680;41;1;15;5190;148;6,9;no;yes;0
681;36;1;27;6500;419;0,8;no;yes;0
682;30;1;20;6080;37;3,2;yes;yes;1
683;35;1;17;8600;1562;4,1;no;no;1
684;48;3;32;15740;1416;8,9;yes;yes;0
685;30;1;15;4740;526;8,6;yes;no;0
686;26;2;12;5440;1692;5,5;no;yes;1
687;39;2;25;6070;417;4;yes;no;0
688;31;1;19;5160;600;3,2;no;no;0
689;37;2;26;8610;1497;4,3;yes;no;1
690;47;1;29;14120;1831;4;yes;yes;0
691;27;1;15;5510;117;6,2;yes;no;1
692;40;2;12;4560;532;5,2;yes;no;0
693;27;1;20;4850;121;4,1;yes;no;0
694;43;3;17;9360;1883;3,9;yes;no;1
695;36;2;25;8710;1239;4,1;yes;no;1
696;32;1;23;8750;267;5,5;yes;no;0
697;34;1;21;7270;266;3,9;yes;no;0
698;35;1;27;9890;1978;4,3;yes;no;1
699;30;1;22;5940;462;5,7;yes;no;0
700;36;1;13;5380;1188;5,7;yes;no;0
701;54;1;26;7040;237;3,4;yes;yes;0
702;31;1;16;4920;549;4,1;no;yes;0
703;29;1;13;4970;164;3,6;yes;yes;0
704;36;2;17;8030;521;2,6;yes;no;0
705;53;3;36;25590;4000;4,3;no;no;0
706;48;2;25;6840;157;3,1;yes;yes;0
707;38;1;20;6540;616;4;yes;no;0
708;43;1;34;8760;498;2,9;yes;no;0
709;40;2;25;13120;2337;9,7;yes;no;0
710;33;2;18;5890;838;6,4;no;no;1
711;41;1;33;9420;442;6,4;yes;yes;0
712;24;1;16;6450;534;9,4;no;no;0
713;34;3;12;4860;519;4,3;no;yes;1
714;30;1;12;4780;188;5,4;yes;no;0
715;27;1;19;4670;113;5,6;yes;yes;0
716;32;2;22;6890;429;3;yes;no;0
717;42;3;16;6660;91;5,5;yes;no;0
718;55;1;46;19090;2057;0,7;yes;no;0
719;41;2;27;9470;802;6;yes;no;0
720;40;1;25;7920;934;6,5;yes;no;0
721;43;2;20;8610;643;8,7;yes;no;0
722;49;2;23;6560;627;5,3;no;no;0
723;35;1;28;11370;696;5,8;yes;no;0
724;32;3;17;8320;259;6,6;yes;yes;0
725;34;1;27;7250;501;0,9;no;no;0
726;41;3;14;5250;168;5,5;yes;no;0
727;39;1;27;6470;519;6,9;no;no;0
728;41;2;18;15130;1500;5,8;no;yes;0
729;32;3;12;6290;1007;4;yes;no;0
730;43;2;19;6230;771;2,4;no;yes;1
731;45;1;25;12180;649;7,4;yes;yes;0
732;49;3;12;6410;566;4,8;yes;no;1
733;46;3;19;6000;1051;5,5;yes;no;0
734;39;1;30;6030;469;3,6;yes;no;0
735;36;1;29;8000;1113;2,6;yes;yes;0
736;40;1;16;5270;569;8;yes;yes;1
737;41;1;33;8540;186;5,4;yes;no;0
738;30;1;20;5500;1245;6,1;yes;yes;1
739;34;2;15;4480;689;2,8;yes;yes;1
740;28;2;15;5360;204;7,4;no;yes;1
741;48;1;13;5840;315;1,9;yes;no;1
742;40;1;26;5790;761;5,2;yes;no;1
743;31;2;18;5880;267;4,7;yes;yes;0
744;39;2;20;7150;627;6,6;yes;yes;0
745;44;2;12;5210;197;2,9;no;no;0
746;36;1;26;5660;1361;4,8;no;yes;0
747;30;3;17;4580;95;6,3;yes;yes;0
748;39;1;15;5740;363;5,2;no;no;0
749;29;2;15;5390;328;4,7;yes;yes;0
750;34;3;16;7500;693;2,9;yes;no;0
751;43;2;18;6210;469;2,4;yes;no;0
752;32;1;16;4780;394;4,3;yes;no;0
753;42;2;13;6580;301;3,3;yes;yes;0
754;46;1;29;10320;1314;3,7;yes;yes;0
755;35;2;17;6450;229;5,6;no;no;0
756;40;1;17;6610;364;5,1;yes;yes;0
757;33;1;14;4930;423;5;yes;no;1
758;41;3;19;5760;285;4,5;yes;no;0
759;37;1;15;5700;216;4;yes;no;0
760;25;1;14;4820;283;5,2;yes;yes;0
761;28;1;13;4880;600;4,7;yes;yes;1
762;31;1;21;6020;422;5,6;yes;yes;0
763;36;1;18;5970;1425;3,8;no;no;1
764;36;1;14;4890;38;7,9;yes;no;0
765;31;2;12;5090;1571;5,5;no;yes;0
766;29;1;13;4860;1352;6,7;no;no;1
767;39;2;28;8870;912;7,7;no;no;0
768;43;1;16;5310;429;2,5;no;no;0
769;36;2;19;6660;251;6,5;no;no;0
770;30;1;12;4600;181;1,3;yes;no;0
771;37;2;24;7790;2094;5,3;yes;yes;1
772;33;3;17;6690;737;2,3;yes;no;1
773;40;3;17;6460;562;9,1;no;no;0
774;41;1;23;5390;504;4,2;yes;yes;0
775;36;1;13;4890;346;4,6;yes;yes;0
776;44;1;16;4860;277;3,6;yes;no;1
777;40;1;13;5140;224;5,3;no;yes;0
778;44;1;33;9200;587;6,6;no;yes;0
779;29;2;14;4550;176;5,2;no;no;0
780;43;2;14;6010;533;5,8;yes;yes;1
781;37;2;21;7370;280;4,2;yes;yes;0
782;50;3;21;13610;600;4,5;yes;yes;1
783;28;1;13;5050;326;4,9;yes;no;0
784;37;3;20;9020;2195;6;yes;yes;1
785;44;1;25;7160;300;4;yes;yes;0
786;41;3;28;15920;1754;2,3;yes;no;0
787;42;2;21;6830;454;3,7;yes;yes;0
788;44;2;21;9850;1823;6,6;no;yes;1
789;38;1;18;5870;484;5,6;no;no;0
790;40;2;22;7950;578;1,7;yes;no;0
791;54;1;35;11160;1330;2;yes;yes;0
792;36;2;13;6500;735;8,3;yes;yes;0
793;42;1;14;5690;464;4,6;yes;yes;0
794;46;3;13;11270;2188;4,1;yes;no;1
795;31;1;13;5480;1614;5;no;yes;0
796;29;3;16;7970;657;3;yes;no;1
797;31;1;16;5020;349;7,6;no;no;0
798;35;2;12;4470;863;5,1;yes;yes;0
799;30;2;21;6080;277;7,2;yes;no;0
800;35;1;14;5230;228;2,6;yes;yes;0
801;47;2;32;11070;2215;6,3;yes;yes;0
802;32;1;12;6760;1654;4,4;yes;yes;1
803;31;1;15;4810;291;6,3;yes;no;0
804;29;1;19;5830;176;4,4;no;no;0
805;57;2;38;28360;1539;6,9;no;no;1
806;43;1;22;7070;1303;7,2;no;no;0
807;50;1;15;5150;145;5,7;yes;no;0
808;37;3;16;7730;292;2,1;no;no;0
809;44;2;24;8650;352;4,5;no;no;0
810;48;3;22;9960;743;5,3;yes;no;0
811;42;2;25;7290;953;3,9;yes;no;0
812;48;2;16;8930;784;4,8;no;yes;0
813;52;2;36;9750;325;3,9;yes;yes;0
814;38;1;25;5990;412;7,2;no;yes;0
815;28;1;16;5600;558;5,3;yes;no;0
816;46;1;17;6380;241;5,8;no;no;0
817;28;1;15;5970;721;4,7;yes;yes;0
818;27;3;12;4790;571;2,7;yes;no;0
819;28;1;17;4390;287;8,2;yes;no;0
820;29;1;20;5600;345;6,7;yes;no;0
821;35;2;23;6670;560;2,4;yes;yes;0
822;29;1;19;5250;338;3;no;no;0
823;35;1;27;6210;1341;3,8;yes;no;1
824;40;2;19;15510;738;4,7;no;yes;0
825;42;3;14;5160;421;7;yes;no;0
826;47;1;27;7430;409;4,1;yes;no;0
827;30;3;13;4740;82;7,6;yes;no;0
828;48;3;25;8860;559;3;yes;yes;0
829;34;1;24;7420;691;5,1;yes;no;0
830;39;2;17;7400;690;7,5;no;no;0
831;31;2;13;4600;355;5,3;yes;no;0
832;52;1;18;6200;405;3,1;no;no;0
833;36;1;29;5740;197;6,1;yes;yes;0
834;47;2;35;15150;2696;3,4;no;no;0
835;31;2;15;5220;493;7,3;no;no;0
836;47;1;17;5410;83;4,2;yes;no;0
837;47;3;13;5000;1349;6,8;yes;no;1
838;52;2;30;10700;2034;3,6;yes;yes;0
839;42;1;15;5320;282;8,1;yes;yes;0
840;27;1;20;5290;550;3,5;yes;no;0
841;32;1;22;6030;265;4,2;yes;yes;0
842;40;1;17;5390;1813;4,1;no;no;1
843;38;3;18;6030;325;6,4;yes;yes;0
844;26;2;15;5720;86;5,6;yes;no;1
845;25;1;15;4600;245;4,5;yes;yes;0
846;32;3;17;11840;576;6,4;yes;no;0
847;37;2;13;4920;110;2,4;no;no;0
848;43;1;28;9980;1046;5,2;no;yes;0
849;32;1;18;6480;233;4,3;no;yes;0
850;30;1;12;4520;701;3,3;no;no;0
851;49;1;18;5400;157;2,7;no;no;0
852;39;1;13;5480;168;6,6;yes;no;0
853;51;1;17;4880;249;2,7;no;yes;0
854;41;1;17;5520;304;1,7;yes;yes;1
855;47;1;32;10170;254;3,7;yes;no;0
856;42;1;17;5850;600;3,9;yes;yes;0
857;41;3;18;25960;4000;5,5;no;yes;1
858;46;2;35;12050;719;3,3;yes;no;0
859;45;3;29;11200;132;4,9;no;yes;0
860;34;2;18;5590;675;5,8;no;yes;0
861;28;1;19;5870;339;6,5;yes;no;1
862;41;1;12;6270;260;2,9;no;no;0
863;32;1;14;4470;750;0,1;yes;yes;1
864;45;1;13;6830;1714;4,8;yes;yes;1
865;23;2;13;4830;739;4,9;yes;no;1
866;33;3;12;4870;1048;5,3;yes;no;1
867;36;2;23;5700;312;8,4;yes;yes;0
868;36;2;20;9490;1059;1,6;no;no;0
869;42;3;18;6540;2434;6,2;yes;yes;1
870;37;1;14;5140;810;1,6;no;no;1
871;46;2;18;9870;627;3;yes;no;0
872;32;3;19;6380;428;3,9;yes;no;0
873;40;2;12;6230;859;2,2;no;no;1
874;42;1;26;6220;277;4,9;no;yes;0
875;36;2;18;5650;239;7,2;yes;yes;0
876;50;2;29;9020;1587;3;no;yes;0
877;51;1;41;17140;1780;6,9;yes;no;0
878;44;1;37;11800;483;5,5;yes;no;0
879;34;1;22;6860;109;5,2;no;no;0
880;45;1;25;8220;816;9,9;yes;no;0
881;24;2;13;4380;135;6,6;yes;no;1
882;51;1;37;16090;434;3,5;yes;no;0
883;39;2;16;7840;757;1,6;yes;no;1
884;37;2;18;7190;832;4,8;no;no;1
885;48;2;35;30000;1325;3,4;no;no;0
886;27;1;15;5730;263;4,7;yes;yes;0
887;46;1;29;6890;803;3;no;yes;1
888;43;1;20;5570;706;6,7;yes;no;0
889;36;3;22;23080;2123;4,7;yes;yes;1
890;25;2;12;6120;128;4,6;yes;yes;0
891;49;3;22;6170;380;3,3;yes;yes;0
892;32;2;21;8650;2074;5,4;yes;yes;0
893;45;1;34;10380;313;5,4;yes;no;0
894;48;2;12;5650;724;8,2;no;no;1
895;51;3;17;8590;691;5,5;yes;yes;0
896;38;1;18;7360;327;3,3;yes;no;0
897;53;2;19;9630;348;4,8;yes;yes;0
898;31;1;18;6220;434;2,7;yes;no;0
899;38;2;27;7850;465;4;yes;no;0
900;23;2;12;4390;1072;7,5;yes;no;1
901;33;1;13;5040;239;7,4;no;yes;0
902;42;1;17;6350;462;2,6;no;no;0
903;47;1;29;6600;9;7,2;yes;yes;0
904;27;1;17;4800;300;3,6;no;no;0
905;45;3;29;8400;330;4,9;yes;no;0
906;33;3;12;4580;380;6,8;yes;no;1
907;40;1;27;10760;295;7;yes;no;0
908;37;1;16;5170;1124;2,4;no;no;0
909;36;3;13;6390;777;5,8;no;no;1
910;59;3;17;12640;204;7,2;yes;no;0
911;30;2;15;5320;940;4,8;yes;no;0
912;32;1;12;4800;394;5,2;yes;yes;0
913;33;2;22;5430;269;5,3;yes;yes;0
914;46;1;15;4870;209;2,8;yes;yes;0
915;50;1;28;7350;503;2,6;no;yes;0
916;48;1;21;7610;872;5,8;no;yes;0
917;31;1;23;5770;474;7,5;yes;no;0
918;28;1;19;5160;1185;3,8;yes;no;1
919;58;2;19;8500;663;5;yes;no;1
920;29;3;13;5240;1255;5,6;yes;yes;1
921;33;1;20;6080;854;3,3;no;no;1
922;41;2;26;6440;298;3,5;no;yes;0
923;26;1;13;4590;678;7,3;yes;no;1
924;42;3;12;5860;473;7,3;yes;no;1
925;47;1;37;14380;1978;8,3;yes;no;0
926;37;1;22;6240;601;3,5;yes;yes;0
927;39;1;26;5480;558;8;no;yes;0
928;37;2;12;5830;487;3,6;no;no;0
929;26;1;16;4880;453;4,4;yes;yes;0
930;43;1;34;10080;1370;5,9;no;no;0
931;40;1;23;6290;408;6,1;yes;no;0
932;42;3;14;5330;657;7,2;yes;no;1
933;46;1;13;5660;945;3;yes;no;0
934;28;3;12;8010;157;5,5;no;no;0
935;32;3;15;6440;660;5,1;yes;no;0
936;45;3;20;11890;1096;7,4;yes;no;0
937;42;1;12;5430;1160;4,6;no;no;1
938;31;3;14;6220;742;3,7;no;no;0
939;28;1;15;4780;236;3,7;yes;no;0
940;36;2;19;7550;95;4,1;yes;no;0
941;42;1;22;5940;257;8,3;no;yes;0
942;24;1;13;4730;1226;4,6;yes;no;1
943;43;2;26;20580;897;4,5;no;no;0
944;26;1;14;4850;474;2,2;yes;yes;1
945;35;1;22;5930;59;3,2;yes;no;0
946;36;2;15;8340;1385;6,1;yes;no;1
947;50;1;42;15500;2222;2,4;no;yes;1
948;31;2;17;7570;890;6,4;yes;no;0
949;45;1;22;6330;51;2,9;yes;no;0
950;33;1;21;5060;306;3,6;yes;no;0
951;33;2;19;5440;860;5,4;yes;no;0
952;56;1;48;25860;3555;4;yes;no;0
953;40;2;18;6350;247;4,2;no;yes;0
954;42;1;30;9630;654;4,9;yes;no;0
955;33;1;18;5450;1070;5,7;no;yes;0
956;48;1;35;17210;2340;3,9;yes;no;0
957;43;2;18;6390;738;5,3;yes;no;1
958;30;2;16;5080;651;5;yes;yes;1
959;47;3;31;20280;109;6,7;yes;no;0
960;36;1;17;5160;567;4,6;yes;yes;0
961;36;1;29;6650;1073;4,2;yes;yes;0
962;46;1;34;11580;1696;9;yes;no;1
963;53;1;13;5140;175;6,3;no;yes;0
964;32;2;16;6210;309;4;no;no;1
965;48;2;13;5090;387;4,1;yes;no;0
966;48;3;36;8960;1204;4,8;no;yes;0
967;37;1;30;7300;67;4,5;no;yes;0
968;48;2;17;7670;325;5,8;yes;no;0
969;36;2;16;5490;675;3,1;yes;no;0
970;36;1;25;6260;263;4,5;no;no;0
971;43;2;16;5400;428;6,9;yes;no;0
972;34;1;26;6580;155;7,1;yes;yes;0
973;38;1;12;5640;130;7,4;yes;no;1
974;35;1;16;6030;685;2,4;no;yes;0
975;53;3;31;12760;609;9,9;no;no;0
976;41;2;32;10060;964;3,4;yes;no;0
977;39;2;12;4720;466;3,5;yes;no;0
978;36;2;22;9170;305;7,7;no;no;0
979;35;3;17;9710;633;6,8;yes;yes;0
980;41;2;25;7740;653;0,3;yes;yes;0
981;30;2;18;9040;1205;8,3;yes;yes;1
982;37;1;28;7060;734;3,4;yes;no;0
983;28;1;16;5210;1448;6,3;no;no;1
984;52;2;30;12050;1107;6,4;no;no;0
985;32;2;15;6280;590;6,4;no;no;0
986;47;1;28;9500;288;6,9;yes;yes;0
987;45;3;32;17790;1360;6,1;yes;no;0
988;52;1;12;5730;1055;5,6;yes;no;0
989;44;1;21;6790;236;2,4;no;yes;0
990;34;1;24;6280;317;3,4;yes;no;0
991;42;3;14;8340;1233;3,7;no;no;1
992;46;1;28;8240;1062;5,8;no;no;0
993;41;3;18;9530;1423;2,6;yes;no;0
994;37;1;29;8250;1452;6,5;yes;no;0
995;46;2;28;9320;280;7,4;yes;yes;0
996;41;2;14;6440;775;2;no;no;0
997;32;1;23;6270;844;3,9;yes;no;0
998;35;1;12;5130;144;2,6;no;no;1
999;49;1;35;12620;1721;2,6;yes;no;0
1000;24;1;15;4440;426;5,9;yes;no;0
